{"charpos":{"x":4.433122634887695,"y":10.694868087768555,"z":0.0},"othercharpos":[],"othercharname":[],"campos":{"x":4.436017990112305,"y":10.69482135772705,"z":-10.0},"hp":100,"xp":0,"level":0,"ohp":[],"oxp":[],"olevel":[]}