{"charpos":{"x":3.1045572757720949,"y":5.792823791503906,"z":0.0},"othercharpos":[{"x":3.091226577758789,"y":7.287628173828125,"z":0.0}],"othercharname":["character-2"],"campos":{"x":3.1396689414978029,"y":5.741441249847412,"z":-10.0},"hp":100,"xp":0,"level":0,"ohp":[100],"oxp":[0],"olevel":[0]}