{"charpos":{"x":6.622729778289795,"y":11.12985897064209,"z":0.0},"othercharpos":[],"othercharname":[],"campos":{"x":6.62278938293457,"y":11.158857345581055,"z":-10.0},"hp":100,"xp":0,"level":0,"ohp":[],"oxp":[],"olevel":[]}