{"charpos":{"x":-0.9988062381744385,"y":-0.8535897731781006,"z":0.0},"othercharpos":[],"othercharname":[],"campos":{"x":-0.25696229934692385,"y":-0.854598343372345,"z":-10.0},"hp":72,"xp":0,"level":0,"ohp":[],"oxp":[],"olevel":[]}