{"charpos":{"x":-1.1795594692230225,"y":1.0680125951766968,"z":0.0},"othercharpos":[],"othercharname":[],"campos":{"x":-1.1564199924468995,"y":1.0661824941635132,"z":-10.0},"hp":100,"xp":0,"level":0,"ohp":[],"oxp":[],"olevel":[]}