{"charpos":{"x":-1.7259674072265626,"y":1.0604040622711182,"z":0.0},"othercharpos":[],"othercharname":[],"campos":{"x":-1.6453745365142823,"y":1.0580881834030152,"z":-10.0},"hp":6,"xp":0,"level":0,"ohp":[],"oxp":[],"olevel":[]}