{"charpos":{"x":1.3567471504211426,"y":1.0383871793746949,"z":-0.0367942750453949},"othercharpos":[],"othercharname":[],"campos":{"x":1.3567454814910889,"y":1.0383812189102173,"z":-10.0},"hp":100,"xp":0,"level":0,"ohp":[],"oxp":[],"olevel":[]}